transaction_id,fund_id,investor_id,transaction_type,amount,currency,transaction_date
TXN-00148,FUND-004,INV-0019,FEE,142076.47,USD,2023-03-14
TXN-00160,FUND-007,INV-0036,CAPITAL_CALL,227958.13,USD,2023-09-16
TXN-00003,FUND-002,INV-0014,CAPITAL_CALL,253172.29,EUR,2024-07-28
TXN-00141,FUND-001,INV-0010,CAPITAL_CALL,405759.9,USD,2023-03-29
TXN-00070,FUND-004,INV-0018,CAPITAL_CALL,393899.88,EUR,2024-01-27
TXN-00169,FUND-008,INV-0016,DISTRIBUTION,276081.27,USD,2023-07-15
TXN-00187,FUND-003,INV-0006,FEE,435548.96,GBP,2024-11-30
TXN-00184,FUND-002,INV-0029,CAPITAL_CALL,347306.58,EUR,2023-02-17
TXN-00182,FUND-009,INV-0003,FEE,35141.95,GBP,2024-12-01
TXN-00119,FUND-006,INV-0005,FEE,324124.08,EUR,2024-03-06
TXN-00041,FUND-004,INV-0013,FEE,224858.16,USD,2023-07-07
TXN-00136,FUND-004,INV-0024,CAPITAL_CALL,151831.53,GBP,2024-06-30
TXN-00159,FUND-002,INV-0011,DISTRIBUTION,206410.9,USD,2023-10-23
TXN-00077,FUND-010,INV-0033,CAPITAL_CALL,193212.52,GBP,2023-07-14
TXN-00177,FUND-003,INV-0032,CAPITAL_CALL,63996.89,GBP,2023-12-06
TXN-00164,FUND-005,INV-0036,CAPITAL_CALL,463908.71,USD,2024-12-16
TXN-00048,FUND-009,INV-0004,FEE,157488.8,EUR,2024-08-21
TXN-00122,FUND-010,INV-0035,DISTRIBUTION,232972.01,GBP,2024-08-29
TXN-00091,FUND-001,INV-0007,DISTRIBUTION,110201.73,GBP,2024-06-14
TXN-00103,FUND-007,INV-0027,FEE,374010.32,GBP,2024-09-09
TXN-00104,FUND-004,INV-0032,CAPITAL_CALL,137194.72,USD,2023-01-30
TXN-00200,FUND-005,INV-0022,CAPITAL_CALL,-234697.36,EUR,2023-05-25
TXN-00185,FUND-006,INV-0004,DISTRIBUTION,179873.21,USD,2023-05-30
TXN-00020,FUND-004,INV-0009,FEE,247264.4,EUR,2023-04-23
TXN-00051,FUND-002,INV-0037,CAPITAL_CALL,289880.61,EUR,2024-09-26
TXN-00002,FUND-002,INV-0035,CAPITAL_CALL,295655.76,EUR,2023-01-31
TXN-00156,FUND-001,INV-0018,FEE,21075.6,EUR,2024-04-26
TXN-00131,FUND-006,INV-0031,FEE,265930.04,USD,2024-07-17
TXN-00195,FUND-010,,CAPITAL_CALL,318672.32,GBP,2023-09-14
TXN-00124,FUND-002,INV-0016,DISTRIBUTION,286389.42,GBP,2023-10-30
TXN-00050,FUND-003,INV-0005,FEE,34912.47,EUR,2024-02-18
TXN-00197,FUND-001,,DISTRIBUTION,366447.52,EUR,2023-10-30
TXN-00144,FUND-010,INV-0028,DISTRIBUTION,284746.11,EUR,2024-09-16
TXN-00097,FUND-004,INV-0018,DISTRIBUTION,39664.19,USD,2023-08-29
TXN-00022,FUND-007,INV-0039,DISTRIBUTION,265028.06,GBP,2023-01-12
TXN-00037,FUND-003,INV-0037,FEE,236862.84,USD,2024-02-21
TXN-00183,FUND-005,INV-0015,FEE,46099.29,EUR,2024-10-10
TXN-00081,FUND-009,INV-0020,FEE,204788.06,USD,2024-12-14
TXN-00098,FUND-005,INV-0022,DISTRIBUTION,446620.39,EUR,2023-05-22
TXN-00082,FUND-005,INV-0036,CAPITAL_CALL,96728.21,GBP,2024-01-24
TXN-00084,FUND-005,INV-0019,CAPITAL_CALL,215514.19,GBP,2024-09-13
TXN-00123,FUND-005,INV-0021,CAPITAL_CALL,415534.78,EUR,2023-10-13
TXN-00163,FUND-010,INV-0032,FEE,221578.44,EUR,2023-07-28
TXN-00112,FUND-004,INV-0002,FEE,77038.79,EUR,2024-04-29
TXN-00046,FUND-008,INV-0019,DISTRIBUTION,348599.16,GBP,2024-07-23
TXN-00074,FUND-009,INV-0026,FEE,490593.69,GBP,2023-12-06
TXN-00106,FUND-008,INV-0009,FEE,267527.69,USD,2024-08-29
TXN-00128,FUND-004,INV-0027,DISTRIBUTION,278032.93,EUR,2024-12-08
TXN-00031,FUND-007,INV-0014,FEE,377877.33,GBP,2023-07-25
TXN-00064,FUND-009,INV-0001,CAPITAL_CALL,38546.69,GBP,2023-06-02
TXN-00089,FUND-008,INV-0040,CAPITAL_CALL,228252.67,GBP,2024-08-12
TXN-00178,FUND-002,INV-0029,CAPITAL_CALL,263449.59,USD,2023-01-16
TXN-00099,FUND-003,INV-0015,DISTRIBUTION,347280.96,GBP,2023-08-08
TXN-00043,FUND-009,INV-0007,CAPITAL_CALL,326420.3,GBP,2023-01-16
TXN-00090,FUND-004,INV-0025,DISTRIBUTION,200426.78,EUR,2024-11-02
TXN-00069,FUND-001,INV-0012,FEE,462319.16,USD,2024-11-16
TXN-00021,FUND-003,INV-0011,FEE,211657.82,EUR,2024-01-30
TXN-00125,FUND-006,INV-0002,DISTRIBUTION,425625.47,EUR,2024-05-14
TXN-00171,FUND-007,INV-0022,FEE,134319.16,EUR,2023-10-17
TXN-00027,FUND-009,INV-0001,FEE,162753.87,EUR,2023-04-25
TXN-00181,FUND-006,INV-0035,DISTRIBUTION,477115.66,GBP,2024-05-14
TXN-00113,FUND-002,INV-0037,CAPITAL_CALL,233051.96,USD,2024-01-13
TXN-00073,FUND-006,INV-0018,CAPITAL_CALL,483477.66,USD,2023-12-26
TXN-00044,FUND-002,INV-0016,CAPITAL_CALL,203800.61,USD,2023-08-07
TXN-00149,FUND-004,INV-0017,FEE,295305.01,EUR,2024-03-11
TXN-00196,FUND-003,,FEE,323523.96,USD,2024-03-27
TXN-00110,FUND-002,INV-0031,CAPITAL_CALL,374763.11,EUR,2023-12-25
TXN-00176,FUND-006,INV-0031,FEE,456801.65,USD,2024-01-31
TXN-00028,FUND-006,INV-0020,CAPITAL_CALL,29904.66,GBP,2023-03-22
TXN-00120,FUND-008,INV-0007,DISTRIBUTION,480433.0,GBP,2024-04-15
TXN-00154,FUND-010,INV-0003,DISTRIBUTION,367532.43,GBP,2023-09-14
TXN-00150,FUND-002,INV-0035,CAPITAL_CALL,324169.73,USD,2023-05-26
TXN-00109,FUND-006,INV-0022,DISTRIBUTION,139850.05,USD,2023-09-16
TXN-00115,FUND-003,INV-0020,CAPITAL_CALL,289763.68,USD,2024-08-12
TXN-00186,FUND-004,INV-0034,DISTRIBUTION,283398.1,EUR,2023-06-24
TXN-00121,FUND-003,INV-0028,CAPITAL_CALL,367163.86,GBP,2023-10-04
TXN-00161,FUND-006,INV-0008,DISTRIBUTION,432590.38,EUR,2024-11-04
TXN-00087,FUND-010,INV-0022,CAPITAL_CALL,409393.31,EUR,2024-11-19
TXN-00166,FUND-003,INV-0020,FEE,7823.56,USD,2023-04-06
TXN-00075,FUND-001,INV-0008,DISTRIBUTION,90105.34,USD,2023-02-09
TXN-00080,FUND-010,INV-0021,FEE,424159.62,GBP,2023-11-04
TXN-00201,FUND-004,INV-0026,FEE,-183521.75,USD,2023-01-15
TXN-00124,FUND-008,INV-0016,DISTRIBUTION,285354.97,GBP,2024-01-24
TXN-00118,FUND-002,INV-0037,CAPITAL_CALL,174254.68,USD,2024-11-08
TXN-00019,FUND-005,INV-0038,DISTRIBUTION,449013.62,USD,2024-01-06
TXN-00198,FUND-006,,CAPITAL_CALL,101196.6,GBP,2024-01-10
TXN-00042,FUND-005,INV-0030,CAPITAL_CALL,437368.49,EUR,2024-03-29
TXN-00011,FUND-005,INV-0030,FEE,417221.1,EUR,2024-01-15
TXN-00199,FUND-009,INV-0033,DISTRIBUTION,-415405.84,USD,2024-05-08
TXN-00057,FUND-002,INV-0016,DISTRIBUTION,143208.71,USD,2024-07-10
TXN-00152,FUND-005,INV-0029,CAPITAL_CALL,234880.29,USD,2024-12-17
TXN-00111,FUND-004,INV-0005,FEE,21088.81,EUR,2023-09-11
TXN-00088,FUND-005,INV-0015,CAPITAL_CALL,74529.63,EUR,2023-09-08
TXN-00157,FUND-009,INV-0029,DISTRIBUTION,91563.08,GBP,2024-03-22
TXN-00052,FUND-002,INV-0027,FEE,292252.47,GBP,2023-11-20
TXN-00062,FUND-007,INV-0018,CAPITAL_CALL,2769.3,EUR,2024-10-14
TXN-00008,FUND-009,INV-0008,DISTRIBUTION,40321.3,USD,2024-10-05
TXN-00132,FUND-006,INV-0023,FEE,227418.89,USD,2023-09-15
TXN-00129,FUND-008,INV-0032,DISTRIBUTION,396673.5,EUR,2023-10-29
TXN-00059,FUND-005,INV-0007,CAPITAL_CALL,132968.49,EUR,2024-07-20
TXN-00039,FUND-007,INV-0030,FEE,28031.42,GBP,2024-10-23
TXN-00067,FUND-004,INV-0016,FEE,52294.02,GBP,2024-02-21
TXN-00143,FUND-010,INV-0015,FEE,190808.64,USD,2023-11-01
TXN-00101,FUND-001,INV-0014,DISTRIBUTION,195348.93,GBP,2024-12-13
TXN-00094,FUND-006,INV-0029,FEE,407688.25,GBP,2024-03-12
TXN-00155,FUND-001,INV-0006,CAPITAL_CALL,480993.64,GBP,2024-08-24
TXN-00079,FUND-004,INV-0024,DISTRIBUTION,35916.93,GBP,2023-12-05
TXN-00135,FUND-009,INV-0039,DISTRIBUTION,490274.8,EUR,2023-10-31
TXN-00137,FUND-003,INV-0018,CAPITAL_CALL,487173.17,GBP,2023-10-27
TXN-00116,FUND-007,INV-0026,FEE,99966.56,GBP,2024-12-08
TXN-00014,FUND-003,INV-0030,DISTRIBUTION,135703.97,GBP,2024-12-05
TXN-00076,FUND-002,INV-0039,DISTRIBUTION,173497.87,USD,2024-03-22
TXN-00066,FUND-003,INV-0003,DISTRIBUTION,182961.11,EUR,2024-01-02
TXN-00047,FUND-008,INV-0010,CAPITAL_CALL,149057.2,EUR,2024-08-16
TXN-00077,FUND-007,INV-0017,DISTRIBUTION,422806.66,EUR,2024-01-29
TXN-00058,FUND-005,INV-0040,FEE,264941.41,GBP,2024-07-21
TXN-00130,FUND-004,INV-0026,FEE,122409.28,GBP,2024-08-18
TXN-00175,FUND-010,INV-0025,CAPITAL_CALL,428150.48,USD,2023-02-14
TXN-00096,FUND-005,INV-0016,FEE,139378.37,GBP,2024-05-11
TXN-00015,FUND-009,INV-0015,FEE,162817.08,EUR,2023-08-23
TXN-00068,FUND-010,INV-0010,CAPITAL_CALL,432438.24,EUR,2024-02-27
TXN-00146,FUND-003,INV-0016,CAPITAL_CALL,276444.13,EUR,2023-01-03
TXN-00204,FUND-004,INV-0031,CAPITAL_CALL,310153.89,GBP,31/02/2024
TXN-00017,FUND-006,INV-0014,FEE,250116.4,GBP,2024-04-14
TXN-00134,FUND-003,INV-0013,CAPITAL_CALL,369563.72,USD,2024-08-26
TXN-00133,FUND-004,INV-0008,FEE,97099.56,EUR,2024-07-02
TXN-00023,FUND-002,INV-0035,DISTRIBUTION,384530.77,USD,2023-04-25
TXN-00005,FUND-001,INV-0011,FEE,211884.58,USD,2023-06-09
TXN-00083,FUND-003,INV-0040,FEE,151173.99,GBP,2023-01-01
TXN-00170,FUND-010,INV-0033,FEE,439783.8,EUR,2023-10-10
TXN-00165,FUND-008,INV-0008,CAPITAL_CALL,486600.26,GBP,2023-09-03
TXN-00004,FUND-004,INV-0035,DISTRIBUTION,110999.87,GBP,2023-10-12
TXN-00180,FUND-005,INV-0002,FEE,198507.06,EUR,2024-08-02
TXN-00007,FUND-006,INV-0039,DISTRIBUTION,403757.01,GBP,2024-04-15
TXN-00029,FUND-002,INV-0032,CAPITAL_CALL,489014.26,GBP,2023-05-09
TXN-00045,FUND-007,INV-0004,CAPITAL_CALL,190107.59,USD,2023-09-29
TXN-00065,FUND-009,INV-0003,DISTRIBUTION,291672.27,EUR,2024-03-16
TXN-00034,FUND-010,INV-0036,CAPITAL_CALL,294631.62,EUR,2023-03-14
TXN-00147,FUND-007,INV-0029,FEE,297311.79,USD,2023-02-03
TXN-00162,FUND-009,INV-0030,DISTRIBUTION,28047.84,GBP,2024-01-06
TXN-00001,FUND-002,INV-0002,FEE,138239.63,EUR,2023-05-23
TXN-00038,FUND-004,INV-0007,CAPITAL_CALL,329832.39,USD,2024-03-09
TXN-00085,FUND-006,INV-0030,DISTRIBUTION,221637.74,EUR,2024-06-07
TXN-00060,FUND-003,INV-0018,DISTRIBUTION,302810.08,GBP,2023-12-18
TXN-00173,FUND-008,INV-0035,DISTRIBUTION,173216.85,GBP,2024-07-10
TXN-00054,FUND-007,INV-0009,FEE,323104.89,USD,2023-11-20
TXN-00142,FUND-004,INV-0008,FEE,382457.28,GBP,2024-09-02
TXN-00018,FUND-003,INV-0017,CAPITAL_CALL,124067.13,GBP,2024-07-05
TXN-00053,FUND-005,INV-0014,FEE,358379.71,EUR,2023-09-29
TXN-00145,FUND-002,INV-0014,FEE,106301.57,GBP,2023-03-25
TXN-00033,FUND-008,INV-0008,CAPITAL_CALL,113123.97,USD,2023-01-22
TXN-00063,FUND-005,INV-0011,FEE,221475.92,GBP,2024-03-13
TXN-00086,FUND-008,INV-0011,FEE,43312.97,GBP,2024-11-10
TXN-00013,FUND-002,INV-0039,FEE,86398.19,GBP,2023-09-08
TXN-00006,FUND-004,INV-0022,CAPITAL_CALL,47280.18,EUR,2024-01-03
TXN-00153,FUND-007,INV-0018,FEE,270450.8,USD,2023-03-24
TXN-00055,FUND-002,INV-0001,DISTRIBUTION,310958.47,GBP,2023-04-13
TXN-00024,FUND-005,INV-0028,CAPITAL_CALL,227408.13,GBP,2023-09-27
TXN-00174,FUND-009,INV-0011,CAPITAL_CALL,221423.16,USD,2024-08-24
TXN-00032,FUND-005,INV-0026,FEE,325289.15,USD,2024-06-13
TXN-00049,FUND-008,INV-0033,FEE,79558.93,GBP,2023-03-24
TXN-00071,FUND-001,INV-0031,CAPITAL_CALL,100586.84,USD,2023-12-25
TXN-00102,FUND-001,INV-0037,DISTRIBUTION,239012.89,USD,2023-11-02
TXN-00016,FUND-001,INV-0021,DISTRIBUTION,134602.7,EUR,2024-08-03
TXN-00092,FUND-008,INV-0004,FEE,125349.94,EUR,2024-04-12
TXN-00140,FUND-008,INV-0008,CAPITAL_CALL,200953.01,EUR,2024-08-13
TXN-00174,FUND-007,INV-0030,DISTRIBUTION,434931.24,GBP,2023-09-02
TXN-00180,FUND-005,INV-0022,FEE,346659.59,GBP,2023-03-24
TXN-00093,FUND-003,INV-0030,FEE,266034.81,GBP,2024-09-01
TXN-00176,FUND-001,INV-0039,FEE,248866.92,USD,2023-08-24
TXN-00188,FUND-004,INV-0032,FEE,72415.74,USD,2024-10-15
TXN-00114,FUND-003,INV-0039,FEE,481903.64,GBP,2023-04-28
TXN-00056,FUND-002,INV-0035,CAPITAL_CALL,253436.46,EUR,2023-12-24
TXN-00189,FUND-005,INV-0030,DISTRIBUTION,333753.52,USD,2023-10-22
TXN-00009,FUND-010,INV-0024,FEE,96952.01,EUR,2023-02-16
TXN-00072,FUND-005,INV-0015,CAPITAL_CALL,12808.55,EUR,2024-02-13
TXN-00203,FUND-005,INV-0038,DISTRIBUTION,411386.23,XXX,2023-04-21
TXN-00158,FUND-008,INV-0006,DISTRIBUTION,174632.57,USD,2023-11-25
TXN-00126,FUND-004,INV-0023,DISTRIBUTION,170829.08,GBP,2024-12-19
TXN-00026,FUND-009,INV-0039,CAPITAL_CALL,77266.8,EUR,2024-07-06
TXN-00168,FUND-008,INV-0019,FEE,353000.4,USD,2024-05-09
TXN-00107,FUND-010,INV-0002,CAPITAL_CALL,321732.07,EUR,2024-04-17
TXN-00040,FUND-002,INV-0004,DISTRIBUTION,364378.58,EUR,2023-09-12
TXN-00151,FUND-002,INV-0004,CAPITAL_CALL,396521.65,GBP,2024-08-05
TXN-00108,FUND-003,INV-0004,DISTRIBUTION,190172.83,EUR,2024-04-10
TXN-00139,FUND-008,INV-0031,DISTRIBUTION,171012.26,EUR,2023-09-16
TXN-00179,FUND-003,INV-0027,FEE,485008.44,EUR,2024-04-25
TXN-00172,FUND-005,INV-0038,FEE,499452.26,USD,2023-06-02
TXN-00095,FUND-009,INV-0029,CAPITAL_CALL,372084.07,USD,2024-04-05
TXN-00117,FUND-004,INV-0007,FEE,386467.96,GBP,2024-09-06
TXN-00100,FUND-002,INV-0027,DISTRIBUTION,166109.81,USD,2024-03-01
TXN-00035,FUND-001,INV-0015,CAPITAL_CALL,452804.59,USD,2023-03-14
TXN-00138,FUND-003,INV-0032,CAPITAL_CALL,436487.15,GBP,2023-10-19
TXN-00061,FUND-004,INV-0017,FEE,244777.39,EUR,2023-04-05
TXN-00025,FUND-009,INV-0012,FEE,456401.29,GBP,2023-11-02
TXN-00202,FUND-005,INV-0035,CAPITAL_CALL,227938.23,XXX,2024-11-19
TXN-00127,FUND-005,INV-0036,CAPITAL_CALL,258797.0,EUR,2023-03-29
TXN-00205,FUND-010,INV-0015,FEE,32545.3,USD,31/02/2024
TXN-00010,FUND-004,INV-0019,CAPITAL_CALL,427803.54,EUR,2024-01-25
TXN-00012,FUND-006,INV-0014,FEE,134221.93,GBP,2024-10-25
TXN-00036,FUND-009,INV-0016,DISTRIBUTION,334819.91,EUR,2024-07-06
TXN-00030,FUND-003,INV-0031,FEE,83398.35,GBP,2024-09-13
TXN-00105,FUND-007,INV-0022,FEE,339891.8,USD,2023-06-19
TXN-00167,FUND-004,INV-0008,DISTRIBUTION,473583.31,GBP,2023-06-07
TXN-00078,FUND-005,INV-0003,FEE,218592.7,GBP,2024-07-05
